dataset,method,seed,accuracy_before,accuracy_after,f1_before,f1_after,demographic_parity_difference_before,demographic_parity_difference_after,equalized_odds_difference_before,equalized_odds_difference_after,demographic_parity_ratio_before,demographic_parity_ratio_after
adult,threshold_optimizer,0,0.8623129652834083,0.8508144763027935,0.7005450464892594,0.6794425087108014,0.1755130764618743,0.1174396074614744,0.0713445438148956,0.0123583982192055,0.3481554169599627,0.5410867840111686
adult,exponentiated_gradient,0,0.8421169013046362,0.8275226652907791,0.6466512702078522,0.5773121387283237,0.1713453697447382,0.0002044347916776,0.0928738196932319,0.3085936274944834,0.3278555023747178,0.9987253058834408
adult,reweighing,0,0.8623129652834083,0.8603228421906096,0.7005450464892594,0.6887830514041715,0.1755130764618743,0.1095873293925923,0.0713445438148956,0.1122651814257698,0.3481554169599627,0.537140392491546
adult,threshold_optimizer,1,0.8623129652834083,0.850372226726616,0.7005450464892594,0.6786957898069009,0.1755130764618743,0.1145242862699992,0.0713445438148956,0.0096133422245051,0.3481554169599627,0.5513279140558109
adult,exponentiated_gradient,1,0.8421169013046362,0.8273752487653866,0.6466512702078522,0.576644974692697,0.1713453697447382,0.0003638158327233,0.0928738196932319,0.3051658918618469,0.3278555023747178,0.9977270835877708
adult,reweighing,1,0.8623129652834083,0.8603228421906096,0.7005450464892594,0.6887830514041715,0.1755130764618743,0.1095873293925923,0.0713445438148956,0.1122651814257698,0.3481554169599627,0.537140392491546
adult,threshold_optimizer,2,0.8623129652834083,0.8519938085059335,0.7005450464892594,0.6806615776081425,0.1755130764618743,0.1219714760083217,0.0713445438148956,0.0195668521883258,0.3481554169599627,0.5225613315991176
adult,exponentiated_gradient,2,0.8421169013046362,0.8264907496130316,0.6466512702078522,0.5753968253968254,0.1713453697447382,0.0003350486545907,0.0928738196932319,0.3029225499897575,0.3278555023747178,0.9979196908921836
adult,reweighing,2,0.8623129652834083,0.8603228421906096,0.7005450464892594,0.6887830514041715,0.1755130764618743,0.1095873293925923,0.0713445438148956,0.1122651814257698,0.3481554169599627,0.537140392491546
adult,threshold_optimizer,3,0.8623129652834083,0.8522149332940223,0.7005450464892594,0.6809864757358791,0.1755130764618743,0.1233197274136873,0.0713445438148956,0.0195668521883258,0.3481554169599627,0.5176969154637988
adult,exponentiated_gradient,3,0.8421169013046362,0.8256062504606766,0.6466512702078522,0.569661695161877,0.1713453697447382,0.0006674529036314,0.0928738196932319,0.3041856809129774,0.3278555023747178,0.9957664680505264
adult,reweighing,3,0.8623129652834083,0.8603228421906096,0.7005450464892594,0.6887830514041715,0.1755130764618743,0.1095873293925923,0.0713445438148956,0.1122651814257698,0.3481554169599627,0.537140392491546
adult,threshold_optimizer,4,0.8623129652834083,0.851256725878971,0.7005450464892594,0.6792752701843611,0.1755130764618743,0.1210679295886243,0.0713445438148956,0.0229945878209624,0.3481554169599627,0.5260981257216159
adult,exponentiated_gradient,4,0.8421169013046362,0.8281123313923491,0.6466512702078522,0.5773831098223994,0.1713453697447382,0.0015144535298859,0.0928738196932319,0.3081151991416315,0.3278555023747178,0.9904995845825958
adult,reweighing,4,0.8623129652834083,0.8603228421906096,0.7005450464892594,0.6887830514041715,0.1755130764618743,0.1095873293925923,0.0713445438148956,0.1122651814257698,0.3481554169599627,0.537140392491546
german_credit,threshold_optimizer,0,0.7333333333333333,0.7366666666666667,0.817351598173516,0.8192219679633868,0.14431082331174838,0.14035825414178782,0.22658862876254182,0.22658862876254182,0.8156028368794326,0.8197429528026786
german_credit,exponentiated_gradient,0,0.74,0.7333333333333333,0.8194444444444444,0.8190045248868778,0.09536624337734423,0.0087461105037423,0.12792642140468236,0.13043478260869557,0.8736771750027849,0.9887103777681285
german_credit,reweighing,0,0.7333333333333333,0.7266666666666667,0.817351598173516,0.8110599078341014,0.14431082331174838,0.10327138171726524,0.22658862876254182,0.1663879598662208,0.8156028368794326,0.8646235255208906
german_credit,threshold_optimizer,1,0.7333333333333333,0.7366666666666667,0.817351598173516,0.8192219679633868,0.14431082331174838,0.14035825414178782,0.22658862876254182,0.22658862876254182,0.8156028368794326,0.8197429528026786
german_credit,exponentiated_gradient,1,0.74,0.7533333333333333,0.8194444444444444,0.8333333333333334,0.09536624337734423,0.008577916070978131,0.12792642140468236,0.1594202898550724,0.8736771750027849,0.9891037282341629
german_credit,reweighing,1,0.7333333333333333,0.7266666666666667,0.817351598173516,0.8110599078341014,0.14431082331174838,0.10327138171726524,0.22658862876254182,0.1663879598662208,0.8156028368794326,0.8646235255208906
german_credit,threshold_optimizer,2,0.7333333333333333,0.7366666666666667,0.817351598173516,0.8192219679633868,0.14431082331174838,0.14035825414178782,0.22658862876254182,0.22658862876254182,0.8156028368794326,0.8197429528026786
german_credit,exponentiated_gradient,2,0.74,0.7566666666666667,0.8194444444444444,0.8359550561797753,0.09536624337734423,0.0046253469010175685,0.12792642140468236,0.1594202898550724,0.8736771750027849,0.9941245593419507
german_credit,reweighing,2,0.7333333333333333,0.7266666666666667,0.817351598173516,0.8110599078341014,0.14431082331174838,0.10327138171726524,0.22658862876254182,0.1663879598662208,0.8156028368794326,0.8646235255208906
german_credit,threshold_optimizer,3,0.7333333333333333,0.7366666666666667,0.817351598173516,0.8192219679633868,0.14431082331174838,0.14035825414178782,0.22658862876254182,0.22658862876254182,0.8156028368794326,0.8197429528026786
german_credit,exponentiated_gradient,3,0.74,0.77,0.8194444444444444,0.8456375838926175,0.09536624337734423,0.0032797914389033345,0.12792642140468236,0.1739130434782608,0.8736771750027849,0.9958510638297873
german_credit,reweighing,3,0.7333333333333333,0.7266666666666667,0.817351598173516,0.8110599078341014,0.14431082331174838,0.10327138171726524,0.22658862876254182,0.1663879598662208,0.8156028368794326,0.8646235255208906
german_credit,threshold_optimizer,4,0.7333333333333333,0.7366666666666667,0.817351598173516,0.8192219679633868,0.14431082331174838,0.14035825414178782,0.22658862876254182,0.22658862876254182,0.8156028368794326,0.8197429528026786
german_credit,exponentiated_gradient,4,0.74,0.74,0.8194444444444444,0.8235294117647058,0.09536624337734423,0.0087461105037423,0.12792642140468236,0.14492753623188404,0.8736771750027849,0.9887103777681285
german_credit,reweighing,4,0.7333333333333333,0.7266666666666667,0.817351598173516,0.8110599078341014,0.14431082331174838,0.10327138171726524,0.22658862876254182,0.1663879598662208,0.8156028368794326,0.8646235255208906
