dataset,model,seed,accuracy,f1,roc_auc,train_co2_g,inference_co2_g,train_seconds,inference_seconds,demographic_parity_difference,equalized_odds_difference,demographic_parity_ratio,accuracy_female,selection_rate_female,accuracy_male,selection_rate_male,accuracy_25,selection_rate_25,accuracy_under25,selection_rate_under25
adult,logreg,0,0.8421169013046362,0.6466512702078522,0.9022117384807172,0.0007406008523078,4.269002073231808e-06,0.3139138999977149,0.0272816999931819,0.1713453697447382,0.0928738196932319,0.3278555023747178,0.9175513892026202,0.0835780438220013,0.8055798687089716,0.2549234135667396,,,,
adult,random_forest,0,0.8362939485516326,0.650621362277804,0.8874127092987567,0.0174547478498706,0.0016497264319818,6.191730999969877,0.6349007000098936,0.1855151079584744,0.0917718046103985,0.3404869363125413,0.9161960695730744,0.095775920487915,0.7975929978118161,0.2812910284463895,,,,
adult,xgboost,0,0.8623129652834083,0.7005450464892594,0.922944305625224,0.0048480828913749,0.0005005338700996,1.7474317000014707,0.1675296000321395,0.1755130764618743,0.0713445438148956,0.3481554169599627,0.927716286424215,0.0937429410435961,0.8306345733041576,0.2692560175054704,,,,
adult,mlp,0,0.8275963735534754,0.6390989044900478,0.8706232524736071,0.23992156437806,4.3016800943971295e-06,97.72389999998268,0.0447736000060103,0.1920406358633786,0.1163515067156795,0.3435858594647417,0.9037723063022364,0.1005195391913259,0.7907002188183807,0.2925601750547046,,,,
adult,logreg,1,0.8421169013046362,0.6466512702078522,0.9022117384807172,0.0007568749538861,3.3923142608893183e-06,0.3253712000441737,0.0309848000179044,0.1713453697447382,0.0928738196932319,0.3278555023747178,0.9175513892026202,0.0835780438220013,0.8055798687089716,0.2549234135667396,,,,
adult,random_forest,1,0.8371784477039876,0.6532726416575106,0.8870931303868554,0.0170358878938067,0.0022104767284418,6.0577053999877535,0.824979200027883,0.1883880198048675,0.0931756460098778,0.3349298953200117,0.916647842782923,0.0948723740682177,0.7986870897155361,0.2832603938730853,,,,
adult,xgboost,1,0.8623129652834083,0.7005450464892594,0.922944305625224,0.005721815409412,0.0003458658974443,2.067372000019532,0.1236287000356242,0.1755130764618743,0.0713445438148956,0.3481554169599627,0.927716286424215,0.0937429410435961,0.8306345733041576,0.2692560175054704,,,,
adult,mlp,1,0.8204466720719392,0.6248845087773329,0.86793263383214,0.2787403876041491,0.0001714437549239,110.44353210000554,0.0584089000476524,0.1639569253521384,0.0819035882744241,0.4234065803314562,0.8997063474135983,0.1203975604246668,0.7820568927789935,0.2843544857768053,,,,
adult,logreg,2,0.8421169013046362,0.6466512702078522,0.9022117384807172,0.0020125742185372,7.125855342544605e-06,0.6973806999740191,0.0381779000163078,0.1713453697447382,0.0928738196932319,0.3278555023747178,0.9175513892026202,0.0835780438220013,0.8055798687089716,0.2549234135667396,,,,
adult,random_forest,2,0.8385051964325201,0.6558818910004712,0.8881483718220268,0.023553665204291,0.0042218904349141,8.39293940004427,1.5311783000361174,0.185268016681009,0.0893560731261729,0.342898846540775,0.9161960695730744,0.0966794669076123,0.8008752735229759,0.2819474835886214,,,,
adult,xgboost,2,0.8623129652834083,0.7005450464892594,0.922944305625224,0.0075212084231212,0.0005450272006734,2.6751867999555543,0.1869425000040792,0.1755130764618743,0.0713445438148956,0.3481554169599627,0.927716286424215,0.0937429410435961,0.8306345733041576,0.2692560175054704,,,,
adult,mlp,2,0.8232475860543967,0.6382015691007845,0.869116281021918,0.2609530436230098,4.249174957413015e-06,104.37063600000693,0.0489074000506661,0.1709059535701699,0.0828726468176164,0.4235865624976557,0.8976733679692794,0.1255929523379263,0.787199124726477,0.2964989059080963,,,,
adult,logreg,3,0.8421169013046362,0.6466512702078522,0.9022117384807172,0.0009181404188661,1.0472884741789692e-05,0.3783904000301845,0.0468817999935708,0.1713453697447382,0.0928738196932319,0.3278555023747178,0.9175513892026202,0.0835780438220013,0.8055798687089716,0.2549234135667396,,,,
adult,random_forest,3,0.8362202402889364,0.6506289308176101,0.8876342533098256,0.0211466567460813,0.0026803545631524,7.474012800026685,0.9827873000176623,0.1871845187107756,0.0929191041935617,0.3363589988299109,0.9161960695730744,0.0948723740682177,0.7974835886214442,0.2820568927789934,,,,
adult,xgboost,3,0.8623129652834083,0.7005450464892594,0.922944305625224,0.0070402604355571,0.0002508216116407,2.5168701999937184,0.0849969999981112,0.1755130764618743,0.0713445438148956,0.3481554169599627,0.927716286424215,0.0937429410435961,0.8306345733041576,0.2692560175054704,,,,
adult,mlp,3,0.8225105034274343,0.6410256410256411,0.8702129836274283,0.2731384911274719,0.0001428716723755,107.1789904999896,0.0513340000179596,0.1742939560751881,0.0916679594768873,0.4257221490529129,0.9030946464874632,0.1292071380167156,0.7834792122538293,0.3035010940919037,,,,
adult,logreg,4,0.8421169013046362,0.6466512702078522,0.9022117384807172,0.0009986360737773,4.680530649573808e-08,0.4003188000060618,0.0282412000233307,0.1713453697447382,0.0928738196932319,0.3278555023747178,0.9175513892026202,0.0835780438220013,0.8055798687089716,0.2549234135667396,,,,
adult,random_forest,4,0.8378418220682539,0.653106275622832,0.8871358594383256,0.0001564885305925,1.5287201967741344e-05,6.2333921999670565,0.658416100020986,0.1855504490793761,0.089748024440906,0.3377855897752839,0.91597018296815,0.0946464874632934,0.8,0.2801969365426696,,,,
adult,xgboost,4,0.8623129652834083,0.7005450464892594,0.922944305625224,0.0038462295225384,0.0005466950238837,1.4057145999977363,0.1650962000130675,0.1755130764618743,0.0713445438148956,0.3481554169599627,0.927716286424215,0.0937429410435961,0.8306345733041576,0.2692560175054704,,,,
adult,mlp,4,0.8270804157146016,0.640294388224471,0.8726691462729687,0.2712715903586742,1.3254110446337232e-06,108.7046943999594,0.05128929996863,0.1864675388097407,0.0923469594039151,0.3652464414446815,0.9033205330923876,0.1072961373390558,0.7901531728665208,0.2937636761487965,,,,
german_credit,logreg,0,0.74,0.8194444444444444,0.7757671957671959,6.033759496993127e-06,3.3575554777995208e-06,0.018818899989128113,0.007878699980210513,0.09536624337734423,0.12792642140468236,0.8736771750027849,,,,,0.766798418972332,0.7549407114624506,0.5957446808510638,0.6595744680851063
german_credit,random_forest,0,0.7533333333333333,0.8391304347826087,0.7631216931216933,0.0017429964141312088,0.0005716302546812634,0.7071243000100367,0.2483860999927856,0.05466319064838954,0.10559006211180122,0.93507142143642,,,,,0.782608695652174,0.841897233201581,0.5957446808510638,0.7872340425531915
german_credit,xgboost,0,0.7333333333333333,0.817351598173516,0.7286772486772487,0.0016177367002012811,3.6501926378107106e-06,0.6120909000164829,0.018289399973582476,0.14431082331174838,0.22658862876254182,0.8156028368794326,,,,,0.7707509881422925,0.782608695652174,0.5319148936170213,0.6382978723404256
german_credit,mlp,0,0.6933333333333334,0.7830188679245284,0.7153439153439154,2.7770446088716618e-05,3.3057840191942517e-06,1.3008893000078388,0.008344599977135658,0.08897485493230173,0.11204013377926425,0.8776595744680852,,,,,0.7154150197628458,0.7272727272727273,0.574468085106383,0.6382978723404256
german_credit,logreg,1,0.74,0.8194444444444444,0.7757671957671959,5.087828389528694e-08,9.83228999560288e-06,0.019381999969482422,0.003848700027447194,0.09536624337734423,0.12792642140468236,0.8736771750027849,,,,,0.766798418972332,0.7549407114624506,0.5957446808510638,0.6595744680851063
german_credit,random_forest,1,0.74,0.8281938325991189,0.764047619047619,1.5622516969059667e-05,0.0005656454517684778,0.7078145000268705,0.24494120001327246,0.13186443528719194,0.14381270903010024,0.8418876676414239,,,,,0.766798418972332,0.83399209486166,0.5957446808510638,0.7021276595744681
german_credit,xgboost,1,0.7333333333333333,0.817351598173516,0.7286772486772487,1.4537635659229538e-05,7.451772287666023e-08,0.6119103999808431,0.017978199990466237,0.14431082331174838,0.22658862876254182,0.8156028368794326,,,,,0.7707509881422925,0.782608695652174,0.5319148936170213,0.6382978723404256
german_credit,mlp,1,0.6866666666666666,0.7740384615384616,0.7075132275132274,0.003997042297804578,5.868955616213739e-08,1.5616176000330597,0.007817900041118264,0.18350012614582456,0.26045150501672243,0.7435053485364994,,,,,0.7193675889328063,0.7154150197628458,0.5106382978723404,0.5319148936170213
german_credit,logreg,2,0.74,0.8194444444444444,0.7757671957671959,5.373336902817524e-06,4.6502501915245375e-06,0.01469610002823174,0.004497300018556416,0.09536624337734423,0.12792642140468236,0.8736771750027849,,,,,0.766798418972332,0.7549407114624506,0.5957446808510638,0.6595744680851063
german_credit,random_forest,2,0.7566666666666667,0.840958605664488,0.7699206349206349,0.0013640891998540296,0.000540115889632407,0.6068559000268579,0.21896299999207258,0.10116895130771175,0.1270903010033445,0.8803937164446212,,,,,0.7865612648221344,0.8458498023715415,0.5957446808510638,0.7446808510638298
german_credit,xgboost,2,0.7333333333333333,0.817351598173516,0.7286772486772487,0.0015378291349125615,6.150642900673924e-06,0.5794121999642812,0.026661899988539517,0.14431082331174838,0.22658862876254182,0.8156028368794326,,,,,0.7707509881422925,0.782608695652174,0.5319148936170213,0.6382978723404256
german_credit,mlp,2,0.71,0.7962529274004684,0.7266666666666667,0.0030675355384583596,7.341508704188703e-06,1.2649988000048324,0.005950800026766956,0.10083256244218308,0.08988294314381273,0.8635794743429288,,,,,0.7272727272727273,0.7391304347826086,0.6170212765957447,0.6382978723404256
german_credit,logreg,3,0.74,0.8194444444444444,0.7757671957671959,1.1160110882414368e-05,6.8824195961194815e-06,0.01839590002782643,0.004557900014333427,0.09536624337734423,0.12792642140468236,0.8736771750027849,,,,,0.766798418972332,0.7549407114624506,0.5957446808510638,0.6595744680851063
german_credit,random_forest,3,0.7466666666666667,0.8354978354978355,0.7516931216931217,0.0018826649886478858,4.608704681493378e-06,0.7422895999625325,0.21869400003924966,0.03733916407366922,0.13871635610766042,0.9558560349970172,,,,,0.7786561264822134,0.8458498023715415,0.574468085106383,0.8085106382978723
german_credit,xgboost,3,0.7333333333333333,0.817351598173516,0.7286772486772487,0.001581144817699573,4.8775302789265865e-06,0.5948964999988675,0.01833950000582263,0.14431082331174838,0.22658862876254182,0.8156028368794326,,,,,0.7707509881422925,0.782608695652174,0.5319148936170213,0.6382978723404256
german_credit,mlp,3,0.7133333333333334,0.7990654205607477,0.7005291005291006,0.004175865502013851,6.193112738908332e-06,1.6134641999960877,0.005854599992744625,0.20570179127070887,0.22700668896321063,0.728945035460993,,,,,0.7391304347826086,0.758893280632411,0.574468085106383,0.5531914893617021
german_credit,logreg,4,0.74,0.8194444444444444,0.7757671957671959,3.3733441485949246e-06,3.926308429753536e-08,0.018731500022113323,0.00671749998582527,0.09536624337734423,0.12792642140468236,0.8736771750027849,,,,,0.766798418972332,0.7549407114624506,0.5957446808510638,0.6595744680851063
german_credit,random_forest,4,0.75,0.8373101952277657,0.7614021164021164,0.0014501026131652443,0.0006255207741999093,0.6157610999653116,0.23577319999458268,0.05861575981834999,0.039297658862876284,0.9307019288128853,,,,,0.7707509881422925,0.8458498023715415,0.6382978723404256,0.7872340425531915
german_credit,xgboost,4,0.7333333333333333,0.817351598173516,0.7286772486772487,0.001192886922872448,4.096797835180581e-06,0.4667596999788657,0.015093000023625791,0.14431082331174838,0.22658862876254182,0.8156028368794326,,,,,0.7707509881422925,0.782608695652174,0.5319148936170213,0.6382978723404256
german_credit,mlp,4,0.6866666666666666,0.7761904761904762,0.7188359788359788,0.0022195834842570353,4.070131318399835e-08,0.984853700036183,0.005573000002186745,0.19931040282566648,0.18352842809364545,0.7274295572167913,,,,,0.7035573122529645,0.7312252964426877,0.5957446808510638,0.5319148936170213
