dataset,model,seed,group,accuracy,selection_rate
adult,logreg,0,Female,0.9175513892026202,0.0835780438220013
adult,logreg,0,Male,0.8055798687089716,0.2549234135667396
adult,random_forest,0,Female,0.9161960695730744,0.095775920487915
adult,random_forest,0,Male,0.7975929978118161,0.2812910284463895
adult,xgboost,0,Female,0.927716286424215,0.0937429410435961
adult,xgboost,0,Male,0.8306345733041576,0.2692560175054704
adult,mlp,0,Female,0.9037723063022364,0.1005195391913259
adult,mlp,0,Male,0.7907002188183807,0.2925601750547046
adult,logreg,1,Female,0.9175513892026202,0.0835780438220013
adult,logreg,1,Male,0.8055798687089716,0.2549234135667396
adult,random_forest,1,Female,0.916647842782923,0.0948723740682177
adult,random_forest,1,Male,0.7986870897155361,0.2832603938730853
adult,xgboost,1,Female,0.927716286424215,0.0937429410435961
adult,xgboost,1,Male,0.8306345733041576,0.2692560175054704
adult,mlp,1,Female,0.8997063474135983,0.1203975604246668
adult,mlp,1,Male,0.7820568927789935,0.2843544857768053
adult,logreg,2,Female,0.9175513892026202,0.0835780438220013
adult,logreg,2,Male,0.8055798687089716,0.2549234135667396
adult,random_forest,2,Female,0.9161960695730744,0.0966794669076123
adult,random_forest,2,Male,0.8008752735229759,0.2819474835886214
adult,xgboost,2,Female,0.927716286424215,0.0937429410435961
adult,xgboost,2,Male,0.8306345733041576,0.2692560175054704
adult,mlp,2,Female,0.8976733679692794,0.1255929523379263
adult,mlp,2,Male,0.787199124726477,0.2964989059080963
adult,logreg,3,Female,0.9175513892026202,0.0835780438220013
adult,logreg,3,Male,0.8055798687089716,0.2549234135667396
adult,random_forest,3,Female,0.9161960695730744,0.0948723740682177
adult,random_forest,3,Male,0.7974835886214442,0.2820568927789934
adult,xgboost,3,Female,0.927716286424215,0.0937429410435961
adult,xgboost,3,Male,0.8306345733041576,0.2692560175054704
adult,mlp,3,Female,0.9030946464874632,0.1292071380167156
adult,mlp,3,Male,0.7834792122538293,0.3035010940919037
adult,logreg,4,Female,0.9175513892026202,0.0835780438220013
adult,logreg,4,Male,0.8055798687089716,0.2549234135667396
adult,random_forest,4,Female,0.91597018296815,0.0946464874632934
adult,random_forest,4,Male,0.8,0.2801969365426696
adult,xgboost,4,Female,0.927716286424215,0.0937429410435961
adult,xgboost,4,Male,0.8306345733041576,0.2692560175054704
adult,mlp,4,Female,0.9033205330923876,0.1072961373390558
adult,mlp,4,Male,0.7901531728665208,0.2937636761487965
german_credit,logreg,0,25+,0.766798418972332,0.7549407114624506
german_credit,logreg,0,under25,0.5957446808510638,0.6595744680851063
german_credit,random_forest,0,25+,0.782608695652174,0.841897233201581
german_credit,random_forest,0,under25,0.5957446808510638,0.7872340425531915
german_credit,xgboost,0,25+,0.7707509881422925,0.782608695652174
german_credit,xgboost,0,under25,0.5319148936170213,0.6382978723404256
german_credit,mlp,0,25+,0.7154150197628458,0.7272727272727273
german_credit,mlp,0,under25,0.574468085106383,0.6382978723404256
german_credit,logreg,1,25+,0.766798418972332,0.7549407114624506
german_credit,logreg,1,under25,0.5957446808510638,0.6595744680851063
german_credit,random_forest,1,25+,0.766798418972332,0.83399209486166
german_credit,random_forest,1,under25,0.5957446808510638,0.7021276595744681
german_credit,xgboost,1,25+,0.7707509881422925,0.782608695652174
german_credit,xgboost,1,under25,0.5319148936170213,0.6382978723404256
german_credit,mlp,1,25+,0.7193675889328063,0.7154150197628458
german_credit,mlp,1,under25,0.5106382978723404,0.5319148936170213
german_credit,logreg,2,25+,0.766798418972332,0.7549407114624506
german_credit,logreg,2,under25,0.5957446808510638,0.6595744680851063
german_credit,random_forest,2,25+,0.7865612648221344,0.8458498023715415
german_credit,random_forest,2,under25,0.5957446808510638,0.7446808510638298
german_credit,xgboost,2,25+,0.7707509881422925,0.782608695652174
german_credit,xgboost,2,under25,0.5319148936170213,0.6382978723404256
german_credit,mlp,2,25+,0.7272727272727273,0.7391304347826086
german_credit,mlp,2,under25,0.6170212765957447,0.6382978723404256
german_credit,logreg,3,25+,0.766798418972332,0.7549407114624506
german_credit,logreg,3,under25,0.5957446808510638,0.6595744680851063
german_credit,random_forest,3,25+,0.7786561264822134,0.8458498023715415
german_credit,random_forest,3,under25,0.574468085106383,0.8085106382978723
german_credit,xgboost,3,25+,0.7707509881422925,0.782608695652174
german_credit,xgboost,3,under25,0.5319148936170213,0.6382978723404256
german_credit,mlp,3,25+,0.7391304347826086,0.758893280632411
german_credit,mlp,3,under25,0.574468085106383,0.5531914893617021
german_credit,logreg,4,25+,0.766798418972332,0.7549407114624506
german_credit,logreg,4,under25,0.5957446808510638,0.6595744680851063
german_credit,random_forest,4,25+,0.7707509881422925,0.8458498023715415
german_credit,random_forest,4,under25,0.6382978723404256,0.7872340425531915
german_credit,xgboost,4,25+,0.7707509881422925,0.782608695652174
german_credit,xgboost,4,under25,0.5319148936170213,0.6382978723404256
german_credit,mlp,4,25+,0.7035573122529645,0.7312252964426877
german_credit,mlp,4,under25,0.5957446808510638,0.5319148936170213
